<?xml version="1.0" encoding="UTF-8"?>
<!DOCTYPE sketch SYSTEM "sketcher.dtd">
<sketch>
<rectangle angle="0.0" height="24.0" width="223.0">
<color B="255" G="0" R="0"/>
<position x="287" y="206"/>
<bounds height="25" width="224" x="287" y="206"/>
</rectangle>
<line angle="0.0">
<color B="255" G="0" R="0"/>
<position x="290" y="208"/>
<bounds height="28" width="95" x="196" y="181"/>
<endpoint x="-94.0" y="-27.0"/>
</line>
<line angle="0.0">
<color B="255" G="0" R="0"/>
<position x="199" y="181"/>
<bounds height="50" width="88" x="199" y="181"/>
<endpoint x="87.0" y="49.0"/>
</line>
<rectangle angle="0.0" height="186.0" width="3.0">
<color B="255" G="0" R="0"/>
<position x="392" y="21"/>
<bounds height="187" width="4" x="392" y="21"/>
</rectangle>
<line angle="0.0">
<color B="255" G="0" R="0"/>
<position x="391" y="37"/>
<bounds height="152" width="185" x="207" y="37"/>
<endpoint x="-184.0" y="151.0"/>
</line>
<curve angle="0.0">
<color B="255" G="0" R="0"/>
<position x="382" y="51"/>
<bounds height="132" width="37" x="347" y="51"/>
<point x="0.0" y="1.0"/>
<point x="0.0" y="2.0"/>
<point x="-1.0" y="3.0"/>
<point x="-1.0" y="4.0"/>
<point x="-1.0" y="6.0"/>
<point x="-1.0" y="7.0"/>
<point x="-1.0" y="8.0"/>
<point x="-1.0" y="9.0"/>
<point x="-1.0" y="10.0"/>
<point x="-1.0" y="12.0"/>
<point x="-1.0" y="13.0"/>
<point x="-1.0" y="14.0"/>
<point x="-1.0" y="15.0"/>
<point x="-1.0" y="16.0"/>
<point x="-1.0" y="17.0"/>
<point x="-1.0" y="18.0"/>
<point x="-1.0" y="19.0"/>
<point x="0.0" y="20.0"/>
<point x="0.0" y="21.0"/>
<point x="0.0" y="22.0"/>
<point x="0.0" y="23.0"/>
<point x="0.0" y="24.0"/>
<point x="0.0" y="25.0"/>
<point x="0.0" y="26.0"/>
<point x="0.0" y="27.0"/>
<point x="0.0" y="29.0"/>
<point x="0.0" y="30.0"/>
<point x="1.0" y="31.0"/>
<point x="1.0" y="32.0"/>
<point x="1.0" y="33.0"/>
<point x="1.0" y="35.0"/>
<point x="1.0" y="36.0"/>
<point x="1.0" y="37.0"/>
<point x="1.0" y="39.0"/>
<point x="1.0" y="40.0"/>
<point x="1.0" y="43.0"/>
<point x="1.0" y="44.0"/>
<point x="1.0" y="45.0"/>
<point x="1.0" y="46.0"/>
<point x="1.0" y="47.0"/>
<point x="1.0" y="48.0"/>
<point x="1.0" y="49.0"/>
<point x="1.0" y="50.0"/>
<point x="1.0" y="51.0"/>
<point x="1.0" y="54.0"/>
<point x="1.0" y="55.0"/>
<point x="1.0" y="56.0"/>
<point x="1.0" y="57.0"/>
<point x="1.0" y="58.0"/>
<point x="1.0" y="61.0"/>
<point x="1.0" y="62.0"/>
<point x="1.0" y="63.0"/>
<point x="1.0" y="64.0"/>
<point x="0.0" y="67.0"/>
<point x="0.0" y="68.0"/>
<point x="0.0" y="69.0"/>
<point x="-1.0" y="70.0"/>
<point x="-1.0" y="71.0"/>
<point x="-1.0" y="72.0"/>
<point x="-2.0" y="73.0"/>
<point x="-3.0" y="74.0"/>
<point x="-4.0" y="74.0"/>
<point x="-5.0" y="74.0"/>
<point x="-5.0" y="75.0"/>
<point x="-6.0" y="76.0"/>
<point x="-7.0" y="77.0"/>
<point x="-8.0" y="78.0"/>
<point x="-9.0" y="79.0"/>
<point x="-10.0" y="80.0"/>
<point x="-12.0" y="81.0"/>
<point x="-12.0" y="82.0"/>
<point x="-14.0" y="82.0"/>
<point x="-14.0" y="83.0"/>
<point x="-14.0" y="84.0"/>
<point x="-15.0" y="85.0"/>
<point x="-15.0" y="86.0"/>
<point x="-16.0" y="87.0"/>
<point x="-16.0" y="88.0"/>
<point x="-17.0" y="88.0"/>
<point x="-17.0" y="89.0"/>
<point x="-17.0" y="90.0"/>
<point x="-18.0" y="91.0"/>
<point x="-19.0" y="92.0"/>
<point x="-19.0" y="93.0"/>
<point x="-19.0" y="94.0"/>
<point x="-19.0" y="95.0"/>
<point x="-19.0" y="97.0"/>
<point x="-20.0" y="98.0"/>
<point x="-20.0" y="99.0"/>
<point x="-21.0" y="99.0"/>
<point x="-21.0" y="100.0"/>
<point x="-21.0" y="101.0"/>
<point x="-21.0" y="103.0"/>
<point x="-21.0" y="104.0"/>
<point x="-21.0" y="105.0"/>
<point x="-21.0" y="106.0"/>
<point x="-22.0" y="107.0"/>
<point x="-22.0" y="108.0"/>
<point x="-22.0" y="109.0"/>
<point x="-22.0" y="110.0"/>
<point x="-22.0" y="111.0"/>
<point x="-23.0" y="112.0"/>
<point x="-23.0" y="113.0"/>
<point x="-23.0" y="114.0"/>
<point x="-23.0" y="115.0"/>
<point x="-24.0" y="115.0"/>
<point x="-24.0" y="116.0"/>
<point x="-24.0" y="117.0"/>
<point x="-25.0" y="117.0"/>
<point x="-25.0" y="118.0"/>
<point x="-25.0" y="119.0"/>
<point x="-26.0" y="120.0"/>
<point x="-26.0" y="121.0"/>
<point x="-27.0" y="121.0"/>
<point x="-27.0" y="122.0"/>
<point x="-27.0" y="123.0"/>
<point x="-27.0" y="124.0"/>
<point x="-28.0" y="124.0"/>
<point x="-28.0" y="125.0"/>
<point x="-28.0" y="126.0"/>
<point x="-30.0" y="127.0"/>
<point x="-31.0" y="128.0"/>
<point x="-32.0" y="128.0"/>
<point x="-32.0" y="129.0"/>
<point x="-32.0" y="130.0"/>
<point x="-33.0" y="130.0"/>
<point x="-33.0" y="131.0"/>
<point x="-34.0" y="131.0"/>
<point x="-35.0" y="131.0"/>
</curve>
<curve angle="0.0">
<color B="255" G="0" R="0"/>
<position x="347" y="181"/>
<bounds height="10" width="117" x="231" y="175"/>
<point x="-1.0" y="0.0"/>
<point x="-2.0" y="0.0"/>
<point x="-4.0" y="0.0"/>
<point x="-6.0" y="1.0"/>
<point x="-8.0" y="1.0"/>
<point x="-11.0" y="1.0"/>
<point x="-12.0" y="1.0"/>
<point x="-14.0" y="2.0"/>
<point x="-15.0" y="2.0"/>
<point x="-16.0" y="2.0"/>
<point x="-17.0" y="2.0"/>
<point x="-18.0" y="2.0"/>
<point x="-19.0" y="3.0"/>
<point x="-20.0" y="3.0"/>
<point x="-21.0" y="3.0"/>
<point x="-22.0" y="3.0"/>
<point x="-23.0" y="3.0"/>
<point x="-24.0" y="3.0"/>
<point x="-26.0" y="3.0"/>
<point x="-28.0" y="2.0"/>
<point x="-29.0" y="2.0"/>
<point x="-30.0" y="2.0"/>
<point x="-32.0" y="2.0"/>
<point x="-34.0" y="2.0"/>
<point x="-36.0" y="2.0"/>
<point x="-38.0" y="2.0"/>
<point x="-42.0" y="2.0"/>
<point x="-46.0" y="1.0"/>
<point x="-50.0" y="1.0"/>
<point x="-55.0" y="1.0"/>
<point x="-58.0" y="1.0"/>
<point x="-61.0" y="1.0"/>
<point x="-63.0" y="1.0"/>
<point x="-64.0" y="0.0"/>
<point x="-67.0" y="0.0"/>
<point x="-68.0" y="0.0"/>
<point x="-69.0" y="0.0"/>
<point x="-70.0" y="-1.0"/>
<point x="-73.0" y="-1.0"/>
<point x="-73.0" y="-2.0"/>
<point x="-74.0" y="-2.0"/>
<point x="-76.0" y="-2.0"/>
<point x="-77.0" y="-2.0"/>
<point x="-78.0" y="-2.0"/>
<point x="-79.0" y="-2.0"/>
<point x="-81.0" y="-2.0"/>
<point x="-83.0" y="-2.0"/>
<point x="-84.0" y="-2.0"/>
<point x="-86.0" y="-3.0"/>
<point x="-87.0" y="-3.0"/>
<point x="-88.0" y="-3.0"/>
<point x="-90.0" y="-3.0"/>
<point x="-91.0" y="-3.0"/>
<point x="-94.0" y="-3.0"/>
<point x="-95.0" y="-3.0"/>
<point x="-96.0" y="-3.0"/>
<point x="-97.0" y="-3.0"/>
<point x="-98.0" y="-3.0"/>
<point x="-99.0" y="-3.0"/>
<point x="-100.0" y="-3.0"/>
<point x="-101.0" y="-3.0"/>
<point x="-102.0" y="-3.0"/>
<point x="-103.0" y="-3.0"/>
<point x="-104.0" y="-3.0"/>
<point x="-105.0" y="-3.0"/>
<point x="-107.0" y="-3.0"/>
<point x="-108.0" y="-3.0"/>
<point x="-111.0" y="-3.0"/>
<point x="-112.0" y="-3.0"/>
<point x="-113.0" y="-3.0"/>
<point x="-114.0" y="-4.0"/>
<point x="-115.0" y="-5.0"/>
<point x="-116.0" y="-5.0"/>
<point x="-116.0" y="-6.0"/>
</curve>
<line angle="0.0">
<color B="255" G="0" R="0"/>
<position x="355" y="180"/>
<bounds height="13" width="41" x="355" y="180"/>
<endpoint x="40.0" y="12.0"/>
</line>
<circle angle="0.0" diameter="36.05551275463989">
<color B="255" G="0" R="0"/>
<position x="302" y="119"/>
<bounds height="37" width="37" x="302" y="119"/>
</circle>
<line angle="0.0">
<color B="255" G="0" R="0"/>
<position x="397" y="39"/>
<bounds height="172" width="89" x="397" y="39"/>
<endpoint x="88.0" y="171.0"/>
</line>
<curve angle="0.0">
<color B="255" G="0" R="0"/>
<position x="517" y="226"/>
<bounds height="28" width="98" x="517" y="199"/>
<point x="0.0" y="-1.0"/>
<point x="2.0" y="-2.0"/>
<point x="2.0" y="-3.0"/>
<point x="3.0" y="-3.0"/>
<point x="4.0" y="-5.0"/>
<point x="5.0" y="-6.0"/>
<point x="6.0" y="-9.0"/>
<point x="7.0" y="-12.0"/>
<point x="8.0" y="-13.0"/>
<point x="9.0" y="-14.0"/>
<point x="9.0" y="-15.0"/>
<point x="10.0" y="-17.0"/>
<point x="11.0" y="-18.0"/>
<point x="15.0" y="-20.0"/>
<point x="17.0" y="-21.0"/>
<point x="18.0" y="-22.0"/>
<point x="19.0" y="-23.0"/>
<point x="20.0" y="-23.0"/>
<point x="21.0" y="-24.0"/>
<point x="22.0" y="-25.0"/>
<point x="23.0" y="-26.0"/>
<point x="25.0" y="-27.0"/>
<point x="26.0" y="-27.0"/>
<point x="27.0" y="-27.0"/>
<point x="29.0" y="-22.0"/>
<point x="30.0" y="-19.0"/>
<point x="31.0" y="-17.0"/>
<point x="34.0" y="-16.0"/>
<point x="35.0" y="-15.0"/>
<point x="39.0" y="-15.0"/>
<point x="43.0" y="-15.0"/>
<point x="49.0" y="-14.0"/>
<point x="54.0" y="-14.0"/>
<point x="57.0" y="-14.0"/>
<point x="59.0" y="-14.0"/>
<point x="61.0" y="-14.0"/>
<point x="63.0" y="-14.0"/>
<point x="66.0" y="-16.0"/>
<point x="67.0" y="-16.0"/>
<point x="68.0" y="-17.0"/>
<point x="69.0" y="-17.0"/>
<point x="70.0" y="-17.0"/>
<point x="71.0" y="-17.0"/>
<point x="72.0" y="-18.0"/>
<point x="73.0" y="-19.0"/>
<point x="75.0" y="-21.0"/>
<point x="76.0" y="-22.0"/>
<point x="78.0" y="-23.0"/>
<point x="84.0" y="-24.0"/>
<point x="89.0" y="-24.0"/>
<point x="97.0" y="-24.0"/>
</curve>
<curve angle="0.0">
<color B="255" G="0" R="0"/>
<position x="521" y="227"/>
<bounds height="12" width="89" x="521" y="216"/>
<point x="0.0" y="-1.0"/>
<point x="1.0" y="-2.0"/>
<point x="1.0" y="-3.0"/>
<point x="2.0" y="-5.0"/>
<point x="3.0" y="-5.0"/>
<point x="5.0" y="-6.0"/>
<point x="6.0" y="-8.0"/>
<point x="7.0" y="-8.0"/>
<point x="8.0" y="-8.0"/>
<point x="10.0" y="-9.0"/>
<point x="14.0" y="-11.0"/>
<point x="16.0" y="-11.0"/>
<point x="17.0" y="-11.0"/>
<point x="19.0" y="-11.0"/>
<point x="21.0" y="-11.0"/>
<point x="22.0" y="-11.0"/>
<point x="23.0" y="-11.0"/>
<point x="24.0" y="-11.0"/>
<point x="25.0" y="-11.0"/>
<point x="28.0" y="-9.0"/>
<point x="29.0" y="-8.0"/>
<point x="29.0" y="-7.0"/>
<point x="33.0" y="-7.0"/>
<point x="34.0" y="-7.0"/>
<point x="37.0" y="-7.0"/>
<point x="39.0" y="-7.0"/>
<point x="44.0" y="-7.0"/>
<point x="49.0" y="-7.0"/>
<point x="52.0" y="-7.0"/>
<point x="57.0" y="-7.0"/>
<point x="62.0" y="-7.0"/>
<point x="64.0" y="-7.0"/>
<point x="66.0" y="-7.0"/>
<point x="68.0" y="-7.0"/>
<point x="69.0" y="-7.0"/>
<point x="70.0" y="-8.0"/>
<point x="71.0" y="-9.0"/>
<point x="72.0" y="-9.0"/>
<point x="73.0" y="-9.0"/>
<point x="74.0" y="-9.0"/>
<point x="74.0" y="-10.0"/>
<point x="75.0" y="-10.0"/>
<point x="78.0" y="-10.0"/>
<point x="80.0" y="-10.0"/>
<point x="84.0" y="-10.0"/>
<point x="86.0" y="-10.0"/>
<point x="87.0" y="-10.0"/>
<point x="88.0" y="-10.0"/>
</curve>
<curve angle="0.0">
<color B="255" G="0" R="0"/>
<position x="409" y="180"/>
<bounds height="9" width="64" x="409" y="172"/>
<point x="0.0" y="-1.0"/>
<point x="1.0" y="-2.0"/>
<point x="3.0" y="-3.0"/>
<point x="4.0" y="-3.0"/>
<point x="5.0" y="-4.0"/>
<point x="6.0" y="-5.0"/>
<point x="7.0" y="-6.0"/>
<point x="8.0" y="-6.0"/>
<point x="9.0" y="-6.0"/>
<point x="11.0" y="-7.0"/>
<point x="12.0" y="-7.0"/>
<point x="15.0" y="-7.0"/>
<point x="16.0" y="-7.0"/>
<point x="17.0" y="-7.0"/>
<point x="17.0" y="-8.0"/>
<point x="18.0" y="-8.0"/>
<point x="19.0" y="-8.0"/>
<point x="20.0" y="-7.0"/>
<point x="21.0" y="-7.0"/>
<point x="22.0" y="-7.0"/>
<point x="26.0" y="-6.0"/>
<point x="28.0" y="-6.0"/>
<point x="30.0" y="-6.0"/>
<point x="31.0" y="-6.0"/>
<point x="32.0" y="-6.0"/>
<point x="33.0" y="-6.0"/>
<point x="34.0" y="-5.0"/>
<point x="35.0" y="-5.0"/>
<point x="36.0" y="-5.0"/>
<point x="37.0" y="-5.0"/>
<point x="38.0" y="-5.0"/>
<point x="39.0" y="-5.0"/>
<point x="40.0" y="-5.0"/>
<point x="41.0" y="-5.0"/>
<point x="42.0" y="-5.0"/>
<point x="44.0" y="-5.0"/>
<point x="45.0" y="-5.0"/>
<point x="46.0" y="-4.0"/>
<point x="48.0" y="-4.0"/>
<point x="50.0" y="-4.0"/>
<point x="52.0" y="-4.0"/>
<point x="54.0" y="-4.0"/>
<point x="57.0" y="-4.0"/>
<point x="58.0" y="-4.0"/>
<point x="59.0" y="-4.0"/>
<point x="60.0" y="-4.0"/>
<point x="61.0" y="-4.0"/>
<point x="62.0" y="-4.0"/>
<point x="63.0" y="-4.0"/>
<point x="63.0" y="-3.0"/>
</curve>
<curve angle="0.0">
<color B="255" G="0" R="0"/>
<position x="411" y="70"/>
<bounds height="110" width="14" x="406" y="70"/>
<point x="0.0" y="1.0"/>
<point x="1.0" y="2.0"/>
<point x="1.0" y="4.0"/>
<point x="2.0" y="5.0"/>
<point x="3.0" y="6.0"/>
<point x="3.0" y="8.0"/>
<point x="3.0" y="9.0"/>
<point x="4.0" y="10.0"/>
<point x="4.0" y="12.0"/>
<point x="5.0" y="13.0"/>
<point x="6.0" y="17.0"/>
<point x="7.0" y="20.0"/>
<point x="7.0" y="24.0"/>
<point x="8.0" y="27.0"/>
<point x="8.0" y="29.0"/>
<point x="8.0" y="31.0"/>
<point x="8.0" y="33.0"/>
<point x="8.0" y="34.0"/>
<point x="8.0" y="35.0"/>
<point x="8.0" y="36.0"/>
<point x="8.0" y="37.0"/>
<point x="8.0" y="38.0"/>
<point x="8.0" y="40.0"/>
<point x="8.0" y="42.0"/>
<point x="8.0" y="46.0"/>
<point x="8.0" y="47.0"/>
<point x="8.0" y="49.0"/>
<point x="8.0" y="50.0"/>
<point x="8.0" y="51.0"/>
<point x="8.0" y="52.0"/>
<point x="7.0" y="53.0"/>
<point x="7.0" y="54.0"/>
<point x="7.0" y="56.0"/>
<point x="7.0" y="57.0"/>
<point x="7.0" y="59.0"/>
<point x="7.0" y="60.0"/>
<point x="7.0" y="61.0"/>
<point x="6.0" y="63.0"/>
<point x="6.0" y="64.0"/>
<point x="6.0" y="65.0"/>
<point x="6.0" y="66.0"/>
<point x="6.0" y="67.0"/>
<point x="4.0" y="68.0"/>
<point x="4.0" y="70.0"/>
<point x="3.0" y="74.0"/>
<point x="3.0" y="76.0"/>
<point x="3.0" y="77.0"/>
<point x="2.0" y="78.0"/>
<point x="2.0" y="79.0"/>
<point x="1.0" y="80.0"/>
<point x="1.0" y="81.0"/>
<point x="0.0" y="82.0"/>
<point x="0.0" y="83.0"/>
<point x="0.0" y="85.0"/>
<point x="0.0" y="86.0"/>
<point x="0.0" y="88.0"/>
<point x="-1.0" y="89.0"/>
<point x="-1.0" y="90.0"/>
<point x="-2.0" y="91.0"/>
<point x="-3.0" y="93.0"/>
<point x="-3.0" y="94.0"/>
<point x="-3.0" y="96.0"/>
<point x="-3.0" y="98.0"/>
<point x="-3.0" y="101.0"/>
<point x="-3.0" y="102.0"/>
<point x="-3.0" y="103.0"/>
<point x="-3.0" y="104.0"/>
<point x="-3.0" y="105.0"/>
<point x="-3.0" y="106.0"/>
<point x="-3.0" y="107.0"/>
<point x="-3.0" y="108.0"/>
<point x="-3.0" y="109.0"/>
<point x="-2.0" y="109.0"/>
<point x="-5.0" y="109.0"/>
</curve>
<text angle="0.0" maxascent="19">
<color B="255" G="0" R="0"/>
<position x="206" y="292"/>
<bounds height="27" width="211" x="206" y="292"/>
<font fontname="Serif" fontstyle="bold" pointsize="18"/>
<string>Never throw into the wind!</string>
</text>
</sketch>
